{
    "data": {
        "m_def": "../upload/raw/schema.archive.yaml#/definitions/section_definitions/0",
        "chemical_formula": "Cu2Se",
        "name": "Copper (II) Selenide",
        "lab_id": "0024",
        "form": "crystalline solid",
        "cas_number": "1317-41-5",
        "ec_number": "215-272-8",
        "description": "<p><strong>Copper selenide</strong> is an inorganic binary compound consisting of copper and selenium. Its formula is sometimes described as <em>CuSe</em> or <em>Cu2Se</em>.</p>"
    }
}