{
    "data": {
        "m_def": "../upload/raw/schema.archive.yaml#/definitions/section_definitions/0",
        "chemical_formula": "ZnSe",
        "name": "Zinc Selenide",
        "lab_id": "0025",
        "form": "powder",
        "cas_number": "1315-09-9",
        "ec_number": "215-259-7",
        "description": "<p><strong>Zinc selenide</strong> (<em>ZnSe</em>) is a light-yellow, solid compound comprising zinc (<em>Zn</em>) and selenium (<em>Se</em>). It is an intrinsic semiconductor with a band gap of about 2.70 eV at 25 &deg;C (77 &deg;F).</p>"
    }
}