{
    "data": {
        "m_def": "../upload/raw/schema.archive.yaml#/definitions/section_definitions/0",
        "chemical_formula": "C6H9N3O2",
        "name": "Histidine",
        "lab_id": "0028",
        "form": "liquid",
        "description": "Histidine is een van de twintig natuurlijk voorkomende aminozuren. De zuivere stof komt voor als kleurloze kristallen, die matig oplosbaar zijn in water. Histidine werd in 1896 voor het eerst geïsoleerd door de Duitse biochemicus Albrecht Kossel."
    }
}
