{
    "data": {
        "m_def": "../upload/raw/schema.archive.yaml#/definitions/section_definitions/0",
        "chemical_formula": "C6H4NO6P",
        "name": "para-Nitrophenyl Fosfaat",
        "lab_id": "0031",
        "form": "solid",
        "description": "Para-Nitrophenyl fosfaat is een chemische stof die vaak wordt gebruikt als substraat in enzymatische assays. Het is een vaste stof en wordt gekenmerkt door zijn reactiviteit met fosfatase-enzymen, waarbij para-nitrofenol wordt geproduceerd, wat een gele kleur oplevert die spectrofotometrisch kan worden gemeten."
    }
}
